{
  "200000": {
    "depend_biz_type": 200000,
    "prod_review_config": {
      "strategy_module_config": {
        "compare_prod_pool_conf": {
          "compare_prod_pool_type_map": {
            "1": "电商大盘",
            "2": "策略覆盖大盘",
            "3": "自定义货盘"
          }
        },
        "quadrant_partition_conf": {
          "prod_pool_type_map": {
            "1": "当前货盘"
          },
          "threshold_type_map": {
            "1": "绝对值",
            "2": "分位数"
          },
          "value_type_map": {
            "1": "增量",
            "2": "绝对值",
            "4": "AB增幅",
            "5": "AB增量"
          },
          "partition_target_list": [
            "gmv",
            "show_pv",
            "order_cnt"
          ],
          "compare_condition_map": {
            "3": ">",
            "4": ">="
          },
          "axis_segmentation_map": {
            "3": "Top10%分位",
            "4": "Top20%分位"
          },
          "one_service_api": "7567005306568344602",
          "main_dimension_col": "leaf_cate_name"
        },
        "product_fracture_conf": {
          "value_product_type_map": {
            "1": "贡献度",
            "2": "分位数",
            "3": "增幅"
          },
          "value_type_map": {
            "3": "AA增幅",
            "4": "AB增幅"
          }
        },
        "supply_bubble_chart_conf": {
          "prod_pool_type_map": {
            "1": "当前货盘"
          },
          "distribution_dimension_ids": [
            "10449"
          ],
          "drill_dimension_ids": [
            "10491"
          ],
          "axis_segmentation_map": {
            "1": "均值",
            "2": "中位数",
            "3": "Top10%分位数",
            "4": "Top20%分位数"
          },
          "partition_target_list": [
            "gmv",
            "show_pv",
            "order_cnt"
          ],
          "value_type_map": {
            "2": "绝对值",
            "1": "增量",
            "4": "AB增幅",
            "5": "AB增量"
          },
          "bubble_size_target_list": [
            "show_prod_cnt"
          ],
          "one_service_api": "7568328946589172774"
        },
        "flow_bubble_chart_conf": {
          "prod_pool_type_map": {
            "1": "当前货盘"
          },
          "distribution_dimension_ids": [
            "10492"
          ],
          "drill_dimension_ids": [
            "10493"
          ],
          "axis_segmentation_map": {
            "1": "均值",
            "2": "中位数",
            "3": "Top10%分位数",
            "4": "Top20%分位数"
          },
          "partition_target_list": [
            "gmv",
            "show_pv",
            "order_cnt"
          ],
          "value_type_map": {
            "2": "绝对值",
            "1": "增量",
            "4": "AB增幅",
            "5": "AB增量"
          },
          "bubble_size_target_list": [
            "show_prod_cnt"
          ],
          "one_service_api": "7568328946589172774"
        },
        "flow_distribution_conf": {
          "filter_dimension_ids": [
            "10492","10035","10376"
          ],
          "distribution_dimension_ids": [
            "10492","10035","10376"
          ],
          "flow_analysis_target_list": [
            "show_prod_cnt",
            "prod_show_convert_rate",
            "show_pv",
            "click_pv",
            "ctr",
            "cvr",
            "opm",
            "gpm",
            "single_prod_show_pv"
          ]
        }
      },
      "biz_project_module_config": {
        "compare_prod_pool_conf": {
          "compare_prod_pool_type_map": {
            "1": "电商大盘",
            "5": "业务专项覆盖大盘",
            "3": "自定义货盘"
          }
        },
        "quadrant_partition_conf": {
          "prod_pool_type_map": {
            "1": "当前货盘"
          },
          "threshold_type_map": {
            "1": "绝对值",
            "2": "分位数"
          },
          "value_type_map": {
            "2": "绝对值",
            "1": "增量"
          },
          "partition_target_list": [
            "gmv",
            "show_pv",
            "order_cnt"
          ],
          "compare_condition_map": {
            "3": ">",
            "4": ">="
          },
          "axis_segmentation_map": {
            "3": "Top10%分位",
            "4": "Top20%分位"
          },
          "one_service_api": "7567005306568344602",
          "main_dimension_col": "leaf_cate_name"
        },
        "product_fracture_conf": {
          "value_product_type_map": {
            "1": "贡献度",
            "2": "分位数",
            "3": "增幅"
          },
          "value_type_map": {
            "3": "AA增幅",
            "4": "AB增幅"
          }
        },
        "supply_bubble_chart_conf": {
          "prod_pool_type_map": {
            "1": "当前货盘"
          },
          "distribution_dimension_ids": [
            "10449"
          ],
          "drill_dimension_ids": [
            "10491"
          ],
          "axis_segmentation_map": {
            "1": "均值",
            "2": "中位数",
            "3": "Top10%分位数",
            "4": "Top20%分位数"
          },
          "partition_target_list": [
            "gmv",
            "show_pv",
            "order_cnt"
          ],
          "value_type_map": {
            "2": "绝对值",
            "1": "增量"
          },
          "bubble_size_target_list": [
            "show_prod_cnt"
          ],
          "one_service_api": "7568328946589172774"
        },
        "flow_bubble_chart_conf": {
          "prod_pool_type_map": {
            "1": "当前货盘"
          },
          "distribution_dimension_ids": [
            "10492"
          ],
          "drill_dimension_ids": [
            "10493"
          ],
          "axis_segmentation_map": {
            "1": "均值",
            "2": "中位数",
            "3": "Top10%分位数",
            "4": "Top20%分位数"
          },
          "partition_target_list": [
            "gmv",
            "show_pv",
            "order_cnt"
          ],
          "value_type_map": {
            "2": "绝对值",
            "1": "增量"
          },
          "bubble_size_target_list": [
            "show_prod_cnt"
          ],
          "one_service_api": "7568328946589172774"
        },
        "flow_distribution_conf": {
          "biz_project_analysis_object_map": {
            "1": "整体商品",
            "2": "策略覆盖品"
          },
          "filter_dimension_ids": [
            "10492","10035","10376"
          ],
          "distribution_dimension_ids": [
            "10492","10035","10376"
          ],
          "flow_analysis_target_list": [
            "show_prod_cnt",
            "prod_show_convert_rate",
            "show_pv",
            "click_pv",
            "ctr",
            "cvr",
            "opm",
            "gpm",
            "single_prod_show_pv"
          ]
        }
      }
    }
  },
  "200200": {
    "depend_biz_type": 200000
  },
  "200300": {
    "depend_biz_type": 200000
  },
  "200400": {
    "depend_biz_type": 200000
  },
  "200500": {
    "depend_biz_type": 200000
  },
  "200600": {
    "depend_biz_type": 200000
  },
  "200001": {
    "depend_biz_type": 200001,
    "prod_review_config": {
      "strategy_module_config": {
        "quadrant_partition_conf": {
          "prod_pool_type_map": {
            "1": "当前货盘"
          },
          "threshold_type_map": {
            "1": "绝对值",
            "2": "分位数"
          },
          "value_type_map": {
            "1": "增量",
            "2": "绝对值",
            "4": "AB增幅",
            "5": "AB增量"
          },
          "partition_target_list": [
            "gmv",
            "show_pv",
            "order_cnt"
          ],
          "compare_condition_map": {
            "3": ">",
            "4": ">="
          },
          "axis_segmentation_map": {
            "3": "Top10%分位",
            "4": "Top20%分位"
          },
          "one_service_api": "7576126360905663526",
          "main_dimension_id": "10296"
        },
        "product_fracture_conf": {
          "value_product_type_map": {
            "1": "贡献度",
            "2": "分位数",
            "3": "增幅"
          },
          "value_type_map": {
            "3": "AA增幅",
            "4": "AB增幅"
          }
        },
        "supply_bubble_chart_conf": {
          "prod_pool_type_map": {
            "1": "当前货盘"
          },
          "distribution_dimension_ids": [
            "10296"
          ],
          "drill_dimension_ids": [
            "10418"
          ],
          "axis_segmentation_map": {
            "1": "均值",
            "2": "中位数",
            "3": "Top10%分位数",
            "4": "Top20%分位数"
          },
          "partition_target_list": [
            "gmv",
            "show_pv"
          ],
          "value_type_map": {
            "1": "增量",
            "2": "绝对值",
            "4": "AB增幅",
            "5": "AB增量"
          },
          "bubble_size_target_list": [
            "prod_cnt"
          ],
          "one_service_api": "7576178451825034249"
        },
        "flow_bubble_chart_conf": {
          "prod_pool_type_map": {
            "1": "当前货盘"
          },
          "distribution_dimension_ids": [
            "10108"
          ],
          "drill_dimension_ids": [
            "10376"
          ],
          "axis_segmentation_map": {
            "1": "均值",
            "2": "中位数",
            "3": "Top10%分位数",
            "4": "Top20%分位数"
          },
          "partition_target_list": [
            "gmv",
            "show_pv"
          ],
          "value_type_map": {
            "1": "增量",
            "2": "绝对值",
            "4": "AB增幅",
            "5": "AB增量"
          },
          "bubble_size_target_list": [
            "prod_cnt"
          ],
          "one_service_api": "7576178451825034249"
        },
        "flow_distribution_conf": {
          "filter_dimension_ids": [
            "10376","10108"
          ],
          "distribution_dimension_ids": [
            "10376","10108"
          ],
          "flow_analysis_target_list": [
            "accumulate_show_prod_cnt", "accumulate_selling_prod_rate", "show_pv", "click_pv", "ctr", "cvr", "opm", "gpm", "single_prod_show_pv"
          ]
        }
      },
      "biz_project_module_config": {
        "quadrant_partition_conf": {
          "prod_pool_type_map": {
            "1": "当前货盘"
          },
          "threshold_type_map": {
            "1": "绝对值",
            "2": "分位数"
          },
          "value_type_map": {
            "1": "增量",
            "2": "绝对值"
          },
          "partition_target_list": [
            "gmv",
            "show_pv",
            "order_cnt"
          ],
          "compare_condition_map": {
            "3": ">",
            "4": ">="
          },
          "axis_segmentation_map": {
            "3": "Top10%分位",
            "4": "Top20%分位"
          },
          "one_service_api": "7576126360905663526",
          "main_dimension_id": "10296"
        },
        "product_fracture_conf": {
          "value_product_type_map": {
            "1": "贡献度",
            "2": "分位数",
            "3": "增幅"
          },
          "value_type_map": {
            "3": "AA增幅",
            "4": "AB增幅"
          }
        },
        "supply_bubble_chart_conf": {
          "prod_pool_type_map": {
            "1": "当前货盘"
          },
          "distribution_dimension_ids": [
            "10296"
          ],
          "drill_dimension_ids": [
            "10418"
          ],
          "axis_segmentation_map": {
            "1": "均值",
            "2": "中位数",
            "3": "Top10%分位数",
            "4": "Top20%分位数"
          },
          "partition_target_list": [
            "gmv",
            "show_pv"
          ],
          "value_type_map": {
            "1": "增量",
            "2": "绝对值"
          },
          "bubble_size_target_list": [
            "prod_cnt"
          ],
          "one_service_api": "7576178451825034249"
        },
        "flow_bubble_chart_conf": {
          "prod_pool_type_map": {
            "1": "当前货盘"
          },
          "distribution_dimension_ids": [
            "10108"
          ],
          "drill_dimension_ids": [
            "10376"
          ],
          "axis_segmentation_map": {
            "1": "均值",
            "2": "中位数",
            "3": "Top10%分位数",
            "4": "Top20%分位数"
          },
          "partition_target_list": [
            "gmv",
            "show_pv"
          ],
          "value_type_map": {
            "1": "增量",
            "2": "绝对值"
          },
          "bubble_size_target_list": [
            "prod_cnt"
          ],
          "one_service_api": "7576178451825034249"
        },
        "flow_distribution_conf": {
          "filter_dimension_ids": [
            "10376","10108"
          ],
          "distribution_dimension_ids": [
            "10376","10108"
          ],
          "flow_analysis_target_list": [
            "accumulate_show_prod_cnt", "accumulate_selling_prod_rate", "show_pv", "click_pv", "ctr", "cvr", "opm", "gpm", "single_prod_show_pv"
          ]
        }
      }
    }
  },
  "201000": {
    "depend_biz_type": 201000,
    "prod_review_config": {
      "strategy_module_config": {
        "compare_prod_pool_conf": {
          "compare_prod_pool_type_map": {
            "4": "0补大盘",
            "3": "自定义货盘"
          }
        },
        "quadrant_partition_conf": {
          "prod_pool_type_map": {
            "1": "当前货盘"
          },
          "threshold_type_map": {
            "1": "绝对值",
            "2": "分位数",
            "4": "AB增幅",
            "5": "AB增量"
          },
          "value_type_map": {
            "1": "增量",
            "2": "绝对值"
          },
          "partition_target_list": [
            "gmv",
            "show_pv",
            "order_cnt"
          ],
          "compare_condition_map": {
            "3": ">",
            "4": ">="
          },
          "axis_segmentation_map": {
            "3": "Top10%分位",
            "4": "Top20%分位"
          },
          "one_service_api": "7576127382852076570",
          "main_dimension_col": "leaf_cate_name"
        },
        "product_fracture_conf": {
          "value_product_type_map": {
            "1": "贡献度",
            "2": "分位数",
            "3": "增幅"
          },
          "value_type_map": {
            "3": "AA增幅",
            "4": "AB增幅"
          }
        },
        "supply_bubble_chart_conf": {
          "prod_pool_type_map": {
            "1": "当前货盘"
          },
          "distribution_dimension_ids": [
            "10449"
          ],
          "drill_dimension_ids": [
            "10491"
          ],
          "axis_segmentation_map": {
            "1": "均值",
            "2": "中位数",
            "3": "Top10%分位数",
            "4": "Top20%分位数"
          },
          "partition_target_list": [
            "gmv",
            "show_pv"
          ],
          "value_type_map": {
            "1": "增量",
            "2": "绝对值",
            "4": "AB增幅",
            "5": "AB增量"
          },
          "bubble_size_target_list": [
            "prod_cnt"
          ],
          "one_service_api": "7576177055000249354"
        },
        "flow_bubble_chart_conf": {
          "prod_pool_type_map": {
            "1": "当前货盘"
          },
          "distribution_dimension_ids": [
            "10492"
          ],
          "drill_dimension_ids": [
            "10493"
          ],
          "axis_segmentation_map": {
            "1": "均值",
            "2": "中位数",
            "3": "Top10%分位数",
            "4": "Top20%分位数"
          },
          "partition_target_list": [
            "gmv",
            "show_pv"
          ],
          "value_type_map": {
            "1": "增量",
            "2": "绝对值",
            "4": "AB增幅",
            "5": "AB增量"
          },
          "bubble_size_target_list": [
            "prod_cnt"
          ],
          "one_service_api": "7576177055000249354"
        },
        "flow_distribution_conf": {
          "filter_dimension_ids": [
            "10492", "10035", "10376"
          ],
          "distribution_dimension_ids": [
            "10492", "10035", "10376"
          ],
          "flow_analysis_target_list": [
            "show_prod_cnt","prod_show_convert_rate","show_pv","click_pv","ctr","cvr","opm","gpm","single_prod_show_pv"
          ]
        }
      },
      "biz_project_module_config": {
        "compare_prod_pool_conf": {
          "compare_prod_pool_type_map": {
            "4": "0补大盘",
            "3": "自定义货盘"
          }
        },
        "quadrant_partition_conf": {
          "prod_pool_type_map": {
            "1": "当前货盘",
            "2": "对比货盘"
          },
          "threshold_type_map": {
            "1": "绝对值",
            "2": "分位数"
          },
          "value_type_map": {
            "1": "增量",
            "2": "绝对值"
          },
          "partition_target_list": [
            "gmv",
            "show_pv",
            "order_cnt"
          ],
          "compare_condition_map": {
            "3": ">",
            "4": ">="
          },
          "axis_segmentation_map": {
            "3": "Top10%分位",
            "4": "Top20%分位"
          },
          "one_service_api": "7576127382852076570",
          "main_dimension_col": "leaf_cate_name"
        },
        "product_fracture_conf": {
          "value_product_type_map": {
            "1": "贡献度",
            "2": "分位数",
            "3": "增幅"
          },
          "value_type_map": {
            "3": "AA增幅",
            "4": "AB增幅"
          }
        },
        "supply_bubble_chart_conf": {
          "prod_pool_type_map": {
            "1": "当前货盘"
          },
          "distribution_dimension_ids": [
            "10449"
          ],
          "drill_dimension_ids": [
            "10491"
          ],
          "axis_segmentation_map": {
            "1": "均值",
            "2": "中位数",
            "3": "Top10%分位数",
            "4": "Top20%分位数"
          },
          "partition_target_list": [
            "gmv",
            "show_pv"
          ],
          "value_type_map": {
            "1": "增量",
            "2": "绝对值"
          },
          "bubble_size_target_list": [
            "prod_cnt"
          ],
          "one_service_api": "7576177055000249354"
        },
        "flow_bubble_chart_conf": {
          "prod_pool_type_map": {
            "1": "当前货盘"
          },
          "distribution_dimension_ids": [
            "10492"
          ],
          "drill_dimension_ids": [
            "10493"
          ],
          "axis_segmentation_map": {
            "1": "均值",
            "2": "中位数",
            "3": "Top10%分位数",
            "4": "Top20%分位数"
          },
          "partition_target_list": [
            "gmv",
            "show_pv"
          ],
          "value_type_map": {
            "1": "增量",
            "2": "绝对值"
          },
          "bubble_size_target_list": [
            "prod_cnt"
          ],
          "one_service_api": "7576177055000249354"
        },
        "flow_distribution_conf": {
          "filter_dimension_ids": [
            "10492", "10035", "10376"
          ],
          "distribution_dimension_ids": [
            "10492", "10035", "10376"
          ],
          "flow_analysis_target_list": [
            "show_prod_cnt","prod_show_convert_rate","show_pv","click_pv","ctr","cvr","opm","gpm","single_prod_show_pv"
          ]
        }
      }
    }
  }
}