{
	"*/*/apaas.ms.ecom_smartop_permission/default/*": {
		"stress_config": {
			"allow": false
		}
	},
	"*/*/apaas.ms.ecom_smartop_permission/faas-cn-north/*": {
		"stress_config": {
			"allow": false
		}
	},
	"*/*/cmp.ecom.shop_info/default/*": {
		"stress_config": {
			"allow": false
		}
	},
	"*/*/cmp.srv.goods/default/*": {
		"stress_config": {
			"allow": false
		}
	},
	"*/*/ecom.product.search/stress/*": {
		"stress_config": {
			"allow": true
		}
	},
	"*/*/ecom.smartop.guard/default/*": {
		"stress_config": {
			"allow": false
		}
	}
}