{
  "$schema": "https://sf-unpkg-src.bytedance.net/@byted-arch-fe/bam-code-generator@1.17.1/config-schema.json",
  "outDir": "src/api",
  "services": {
    "product": "ecom.smartop.product_analysis@feat/libra_metric",
    "arctic": "ecom.smartop.arctic_management_api@1.0.1",
    "subscribe": "ecom.smartop.data_subcription@1.0.133",
    "ecop": "cmp.ecom.ecop@1.0.243"
  },
  "log": {
    "product": {
      "psm": "ecom.smartop.product_analysis",
      "version": "1.0.1273",
      "branch": "feat/libra_metric",
      "apis": [
        "POST /product_analysis/analysis/get_multi_dim_conclusion",
        "POST /product_analysis/analysis/get_core_overview_download",
        "POST /product_analysis/template/create_template",
        "POST /product_analysis/template/update_template",
        "POST /product_analysis/template/delete_template",
        "GET /product_analysis/dimensions/nlp_generate_dimension",
        "POST /product_analysis/analysis/get_multi_dim_list",
        "POST /product_analysis/analysis/get_multi_dim_product_list",
        "POST /product_analysis/template/get_template_detail",
        "GET /product_analysis/dimensions/get_dimension_list",
        "POST /product_analysis/analysis/get_core_overview",
        "POST /product_analysis/analysis/get_core_conclusion",
        "POST /product_analysis/analysis/get_core_hierarchical",
        "POST /product_analysis/analysis/get_multi_dim_list_download",
        "POST /product_analysis/analysis/get_multi_dim_product_list_download",
        "POST /product_analysis/template/get_template_list",
        "POST /product_analysis/analysis/get_multi_dim_trend",
        "POST /product_analysis/analysis/add_feed_back",
        "GET /product_analysis/dimensions/get_ready_time",
        "POST /product_analysis/dimensions/get_page_enum_list",
        "POST /product_analysis/analysis/get_core_target",
        "POST /product_analysis/template/generate_template_cache",
        "POST /product_analysis/product_alert/create_analysis_pool",
        "POST /product_analysis/product_alert/delete_analysis_pool",
        "POST /product_analysis/product_alert/create_rule",
        "GET /product_analysis/product_alert/get_rule_detail",
        "POST /product_analysis/product_alert/query_analysis_pool",
        "GET /product_analysis/product_alert/get_alert_indicators",
        "GET /product_analysis/product_alert/list_event_type",
        "GET /product_analysis/product_alert/get_alert_dimensions",
        "POST /product_analysis/product_alert/query_analysis_pool_product",
        "POST /product_analysis/product_alert/delete_rule",
        "POST /product_analysis/price_aa/get_core_overview",
        "POST /product_analysis/price_aa/get_biz_income_target_card",
        "POST /product_analysis/price_aa/get_flow_standard_core_overview",
        "POST /product_analysis/price_aa/get_market_core_overview",
        "POST /product_analysis/price_aa/get_biz_income_diff_distributed",
        "POST /product_analysis/price_aa/get_supply_cnt_list",
        "POST /product_analysis/price_aa/get_supply_distributed",
        "POST /product_analysis/price_aa/get_flow_diff_standard_card",
        "POST /product_analysis/price_aa/get_biz_income_trend",
        "POST /product_analysis/price_aa/get_core_overview_download",
        "POST /product_analysis/price_trend/get_price_insight_meta",
        "POST /product_analysis/price_trend/get_multiple_ratio_table",
        "POST /product_analysis/price_trend/get_price_insight_hierarchical_trend",
        "POST /product_analysis/price_analysis/get_multi_dim_list",
        "POST /product_analysis/price_trend/get_multiple_ratio_table_download",
        "POST /product_analysis/price_analysis/get_multi_dim_list_download",
        "POST /product_analysis/price_trend/get_price_insight_core_overview",
        "POST /product_analysis/price_analysis/get_multi_dim_conclusion",
        "POST /product_analysis/price_trend/get_price_insight_bubble_chart",
        "POST /product_analysis/price_trend/get_price_responsibility_change",
        "POST /product_analysis/price_trend/get_order_responsibility_bubble_chart",
        "POST /product_analysis/price_trend/get_price_responsibility_core_overview",
        "POST /product_analysis/price_trend/get_price_responsibility_distributed",
        "POST /product_analysis/price_trend/get_prod_portrait",
        "POST /product_analysis/price_trend/get_price_responsibility_target_list",
        "POST /product_analysis/price_trend/get_pord_detail_list_download",
        "POST /product_analysis/price_trend/get_price_responsibility_industry_list",
        "GET /product_analysis/dimensions/get_price_hybrid_tag_enum_list",
        "POST /product_analysis/price_trend/get_pord_detail_list",
        "POST /product_analysis/price_aa/get_biz_income_target_card_download",
        "GET /product_analysis/activity_review/get_activity_review_result",
        "POST /product_analysis/activity_review/create_activity_review",
        "GET /product_analysis/activity_review/fresh",
        "POST /product_analysis/product_alert/get_product_multi_dim",
        "POST /product_analysis/product_alert/get_data_available_date_range",
        "POST /product_analysis/product_alert/download_product_multi_dim",
        "POST /product_analysis/product_alert/download_analysis_pool_product",
        "POST /product_analysis/product_alert/op_analysis_pool_product",
        "POST /product_analysis/product_alert/update_rule",
        "POST /product_analysis/product_alert/update_rule_status",
        "POST /product_analysis/product_alert/convert_rule",
        "POST /product_analysis/price_trend/get_price_responsibility_industry_list_download",
        "POST /product_analysis/price_trend/get_price_responsibility_core_overview_download",
        "POST /product_analysis/price_trend/get_price_responsibility_target_list_download",
        "POST /product_analysis/product_alert/query_rule_list",
        "POST /product_analysis/price_aa/get_core_conclusion",
        "POST /product_analysis/analysis/get_multi_dim_full_list",
        "GET /product_analysis/dimensions/get_product_analysis_biz_list",
        "POST /product_analysis/analysis/get_multi_dim_prod_cost",
        "GET /product_analysis/dimensions/get_product_analysis_target_meta_list",
        "POST /product_analysis/price_trend/get_echo_display_dims",
        "POST /product_analysis/attribution/get_prod_price_distribution",
        "POST /product_analysis/attribution/get_commmon_prod_list",
        "POST /product_analysis/attribution/get_abtest_prod_list_download",
        "POST /product_analysis/attribution/get_abtest_prod_list",
        "POST /product_analysis/attribution/get_commmon_core_overview",
        "POST /product_analysis/attribution/get_abtest_list",
        "POST /product_analysis/attribution/get_commmon_prod_list_download",
        "POST /product_analysis/attribution/get_tree_meta_list",
        "POST /product_analysis/attribution/get_commmon_core_overview_download",
        "POST /product_analysis/attribution/get_core_tree",
        "POST /product_analysis/attribution/get_flow_change",
        "POST /product_analysis/attribution/get_abtest_list_download",
        "POST /product_analysis/attribution/get_attribution_meta_info",
        "POST /product_analysis/pool_product_diagnosis/factor_list",
        "POST /product_analysis/pool_product_diagnosis/indicator_category_judge",
        "POST /product_analysis/pool_product_diagnosis/judge_condition_list",
        "POST /product_analysis/pool_product_diagnosis/query_diagnosis_product_list",
        "POST /product_analysis/product_alert/query_analysis_pool_detail",
        "POST /product_analysis/analysis/get_product_detail",
        "POST /product_analysis/analysis/get_product_detail_by360",
        "POST /product_analysis/pool_product_diagnosis/query_diagnosis_flow_space_product_list",
        "POST /product_analysis/analysis/get_product_report_table",
        "POST /product_analysis/analysis/get_default_funnel_mate",
        "POST /product_analysis/attribution/get_product_report_table_download",
        "POST /product_analysis/activity_review/get_product_supply_progress",
        "GET /product_analysis/dimensions/update_pool_status",
        "POST /product_analysis/analysis/get_product_analysis_prod_cnt",
        "POST /product_analysis/activity_review/get_product_aa_analysis",
        "POST /product_analysis/activity_review/get_product_analysis",
        "POST /product_analysis/analysis/get_multi_dim_uv_targets",
        "POST /product_analysis/analysis/get_uv_core",
        "POST /product_analysis/product_alert/get_pool_product_list",
        "POST /product_analysis/product_alert/get_alert_prod_status_rule_indicator",
        "POST /product_analysis/dorado_task/dump_load_hive/callback",
        "POST /product_analysis/subscription/get_sub_config",
        "POST /product_analysis/subscription/user_subscription/list",
        "POST /product_analysis/subscription/user_subscription/preview",
        "POST /product_analysis/subscription/user_subscription/save",
        "POST /product_analysis/subscription/user_subscription/delete",
        "POST /product_analysis/volume_price/get_multi_dim_full_list",
        "POST /product_analysis/volume_price/get_libra_version_list",
        "POST /product_analysis/volume_price/get_market_funnel_target",
        "POST /product_analysis/volume_price/get_libra_list",
        "GET /product_analysis/dimensions/get_attribution_analysis_biz_list",
        "POST /product_analysis/attribution/get_attribution_multi_dim_analysis",
        "POST /product_analysis/price_trend/get_prod_detail_dimensions",
        "POST /product_analysis/volume_price/get_multi_dim_full_list_download",
        "POST /product_analysis/volume_price/get_libra_version_list_download",
        "POST /product_analysis/volume_price/get_market_funnel_target_download",
        "POST /product_analysis/volume_price/get_version_hierarchical_list",
        "POST /product_analysis/volume_price/get_version_hierarchical_list_download",
        "POST /product_analysis/product_alert/update_analysis_pool",
        "POST /product_analysis/activity_review/get_activity_and_non_activity_product_ab_analysis",
        "POST /product_analysis/volume_price/get_version_hierarchical_config",
        "GET /product_analysis/dimensions/get_attribution_tree_biz_list",
        "POST /product_analysis/analysis/get_product_report_table_subscribe",
        "POST /product_analysis/subscription/user_subscription/get_subscription_config",
        "POST /product_analysis/subscription/user_subscription/save_subscription_config",
        "GET /product_analysis/dimensions/get_guess_dress_bizList",
        "POST /product_analysis/volume_price/get_experiment_combination",
        "POST /product_analysis/volume_price/get_reversal_experiment_core_data_download",
        "POST /product_analysis/volume_price/get_reversal_experiment_core_data",
        "POST /product_analysis/volume_price/get_reversal_experiment_detail",
        "POST /product_analysis/volume_price/get_reversal_experiment_detail_download",
        "POST /product_analysis/volume_price/get_bilateral_libra_list",
        "POST /product_analysis/volume_price/save_expr_object",
        "POST /product_analysis/volume_price/save_bilateral_libra",
        "POST /product_analysis/sku_cluster_service/get_sku_cluster_common_multi_dim_full_list",
        "POST /product_analysis/sku_cluster_service/get_sku_cluster_common_core_overview",
        "POST /product_analysis/sku_cluster_service/get_sku_cluster_common_multi_dim_full_list_download",
        "POST /product_analysis/sku_cluster_service/get_sku_cluster_flow_trend",
        "POST /product_analysis/sku_cluster_service/get_sku_cluster_common_multi_dim_trend",
        "POST /product_analysis/sku_cluster_service/get_sku_cluster_stability_multi_dim_full_list",
        "POST /product_analysis/sku_cluster_service/get_sku_cluster_stability_multi_dim_full_list_download",
        "POST /product_analysis/great_value_buy/get_product_diagnosis_product_list_download",
        "POST /product_analysis/great_value_buy/get_product_diagnosis_product_list",
        "POST /product_analysis/great_value_buy/get_product_multi_dimension_table",
        "POST /product_analysis/great_value_buy/get_product_multi_dimension_table_download",
        "POST /product_analysis/great_value_buy/get_product_diagnosis_config",
        "POST /product_analysis/great_value_buy/get_product_attribution_core_tree",
        "POST /product_analysis/great_value_buy/get_product_diagnosis_common_core_overview",
        "POST /product_analysis/great_value_buy/get_product_diagnosis_multi_dimension",
        "POST /product_analysis/great_value_buy/get_product_supply_analysis",
        "POST /product_analysis/attribution/inflection_point_insight",
        "POST /product_analysis/boost_plan/get_core_overview",
        "GET /product_analysis/dimensions/get_greate_value_buy_bizList",
        "POST /product_analysis/attribution/get_similar_product_download",
        "POST /product_analysis/attribution/get_similar_product",
        "POST /product_analysis/attribution/inflection_point_insight_download",
        "POST /product_analysis/attribution/create_get_similar_product_pool",
        "POST /product_analysis/great_value_buy/get_great_value_buy_multi_dim_trend",
        "GET /product_analysis/dimensions/get_guess_attribution_bizList",
        "POST /product_analysis/great_value_buy/get_product_diagnosis_product_list_trend",
        "POST /product_analysis/great_value_buy/get_product_diagnosis_search_sql",
        "POST /product_analysis/great_value_buy/get_product_diagnosis_query_search_cnt_trend",
        "POST /product_analysis/great_value_buy/get_product_diagnosis_query_list",
        "POST /product_analysis/great_value_buy/get_product_diagnosis_query_prod_list_download",
        "POST /product_analysis/great_value_buy/get_product_diagnosis_query_prod_list",
        "POST /product_analysis/great_value_buy/get_product_diagnosis_query_list_download",
        "POST /product_analysis/great_value_buy/get_product_diagnosis_query_search_words",
        "POST /product_analysis/boost_plan/init_analysis_pool",
        "POST /product_analysis/dimensions/register_need_dump_dimension",
        "GET /product_analysis/dimensions/get_diagnosis_biz_list",
        "POST /product_analysis/great_value_buy/get_common_diagnosis_conclusion",
        "POST /product_analysis/optimize/get_optimize_product_detail_download",
        "POST /product_analysis/optimize/get_optimize_item_detail",
        "POST /product_analysis/optimize/get_optimize_product_detail",
        "POST /product_analysis/artificial_intelligence/create_session",
        "POST /product_analysis/artificial_intelligence/feedback",
        "POST /product_analysis/artificial_intelligence/get_session_messages",
        "POST /product_analysis/artificial_intelligence/get_session_info",
        "POST /product_analysis/optimize/get_optimize_action_info",
        "POST /product_analysis/artificial_intelligence/analysis",
        "POST /product_analysis/artificial_intelligence/analysis_stream",
        "POST /product_analysis/attribution/send_attribution_report",
        "POST /flow_control/activity/create",
        "POST /flow_control/activity/get",
        "POST /flow_control/activity/take_offline",
        "POST /flow_control/activity/update",
        "POST /product_analysis/prod_review/product_four_quadrant_analysis",
        "POST /product_analysis/prod_review/product_value_classify",
        "POST /product_analysis/prod_review/get_bubble_chart",
        "POST /product_analysis/prod_review/get_flow_distribution",
        "POST /product_analysis/prod_review/get_biz_project_list",
        "POST /product_analysis/prod_review/common_diagnosis_conclusion",
        "POST /product_analysis/prod_review/common_diagnosis_conclusion_by_target",
        "POST /product_analysis/prod_review/create_and_update_report",
        "POST /product_analysis/prod_review/get_report_list",
        "POST /product_analysis/prod_review/get_strategy_list",
        "POST /product_analysis/prod_review/create_and_update_biz_project",
        "POST /product_analysis/prod_review/create_and_update_strategy",
        "POST /product_analysis/prod_review/get_strategy_type_list",
        "POST /product_analysis/prod_review/get_libra_info",
        "POST /product_analysis/prod_review/multi_dim_table_download",
        "POST /product_analysis/prod_review/multi_dim_table",
        "POST /product_analysis/artificial_intelligence/delete_dataset",
        "POST /product_analysis/artificial_intelligence/get_dataset",
        "POST /product_analysis/artificial_intelligence/create_dataset",
        "POST /product_analysis/artificial_intelligence/update_dataset",
        "POST /product_analysis/artificial_intelligence/update_analysis_framework",
        "POST /product_analysis/artificial_intelligence/create_analysis_framework",
        "POST /product_analysis/artificial_intelligence/delete_analysis_framework",
        "POST /product_analysis/artificial_intelligence/get_analysis_framework",
        "POST /product_analysis/artificial_intelligence/create_knowledge",
        "POST /product_analysis/artificial_intelligence/update_knowledge",
        "POST /product_analysis/artificial_intelligence/delete_knowledge",
        "POST /product_analysis/artificial_intelligence/get_knowledge",
        "POST /product_analysis/prod_review/analysis_target",
        "POST /flow_control/activity/activity_approval/callback",
        "POST /flow_control/activity/approval_activity",
        "POST /product_analysis/prod_review/analysis_item_data",
        "POST /product_analysis/product_alert/create_analysis_pool_application_record",
        "POST /product_analysis/product_alert/get_dorado_analysis_pool_application_hive_call_back",
        "GET /product_analysis/lark/get_doc_content",
        "GET /product_analysis/lark/check_doc_permission",
        "POST /product_analysis/product_select/get_task_list",
        "POST /product_analysis/product_select/get_task_detail",
        "POST /product_analysis/product_select/create_and_update_task",
        "POST /product_analysis/prod_review/get_biz_config",
        "POST /product_analysis/common/multi_dim_trend",
        "POST /product_analysis/prod_review/bubble_chart_download",
        "POST /product_analysis/product_select/get_administrator_config",
        "POST /product_analysis/product_select/get_prod_detail_list",
        "POST /product_analysis/product_select/get_task_preview_result",
        "POST /product_analysis/artificial_intelligence/conclusion_stream",
        "POST /product_analysis/artificial_intelligence/conclusion",
        "POST /product_analysis/product_select/get_user_privilege",
        "POST /product_analysis/attribution/get_guess_core_overview",
        "POST /product_analysis/attribution/shop_detail_download",
        "POST /product_analysis/attribution/all_tree_download",
        "POST /product_analysis/artificial_intelligence/flight_analysis",
        "POST /product_analysis/artificial_intelligence/strategy_gen",
        "POST /product_analysis/artificial_intelligence/create_strategy",
        "POST /product_analysis/artificial_intelligence/update_strategy",
        "POST /product_analysis/artificial_intelligence/get_strategy_detail",
        "POST /product_analysis/artificial_intelligence/import_flight_conclusion",
        "POST /product_analysis/artificial_intelligence/create_strategy_config",
        "POST /product_analysis/artificial_intelligence/create_strategy_relation",
        "POST /product_analysis/artificial_intelligence/reject_strategy_config",
        "POST /product_analysis/file/upload",
        "POST /product_analysis/artificial_intelligence/get_session_list",
        "POST /product_analysis/artificial_intelligence/delete_session",
        "POST /product_analysis/artificial_intelligence/update_session_name",
        "POST /product_analysis/test_api",
        "POST /product_analysis/dimensions/get_dump_dimension_status"
      ]
    },
    "arctic": {
      "psm": "ecom.smartop.arctic_management_api",
      "version": "1.0.1",
      "branch": "master",
      "apis": [
        "POST /api/arctic_management/common/store_shareable_state",
        "POST /api/arctic_management/common/load_shareable_state"
      ]
    },
    "subscribe": {
      "psm": "ecom.smartop.data_subcription",
      "version": "1.0.133",
      "branch": "pxw/larkSearch",
      "apis": [
        "GET /api/op_data/subscribe/ping",
        "POST /api/op_data/subscribe/get_subscribe_indicator_config",
        "POST /api/op_data/subscribe/save_subscribe_config",
        "POST /api/op_data/subscribe/get_subscribe_config_list",
        "POST /api/op_data/subscribe/is_in_chat",
        "POST /api/op_data/subscribe/indicator_subscribe_trigger",
        "POST /api/op_data/subscribe/lark_search"
      ]
    },
    "ecop": {
      "psm": "cmp.ecom.ecop",
      "version": "1.0.243",
      "branch": "master",
      "apis": [
        "GET /common/index/index",
        "GET /api/menu/getAllSystem",
        "GET /api/menu/getAppMenu",
        "POST /api/menu/updateRouteMenu",
        "GET /common/index/GetBank",
        "GET /common/index/userInfo",
        "POST /api/menu/createMenu",
        "DELETE /api/menu/deleteApp",
        "POST /api/menu/updateMenu",
        "DELETE /api/menu/deleteRoute",
        "GET /api/menu/findRoute",
        "GET /common/index/searchOpUser",
        "DELETE /api/menu/deleteSystem",
        "GET /api/menu/getSystem",
        "GET /common/index/getProvince",
        "POST /api/menu/updateRoute",
        "GET /api/menu/getRoutes",
        "GET /common/index/searchUser",
        "POST /api/homepage/config",
        "GET /api/homepage/addToGroup",
        "POST /api/menu/createSystemApp",
        "DELETE /api/menu/deleteSystemApp",
        "GET /common/index/getHiddenWm",
        "GET /common/index/check",
        "POST /api/menu/createRouteMenu",
        "GET /api/menu/createRoute",
        "POST /api/menu/updateSystem",
        "GET /common/index/redcnt",
        "DELETE /api/menu/deleteMenu",
        "DELETE /api/menu/deleteRouteMenu",
        "GET /api/menu/userMenu",
        "POST /api/menu/createSystem",
        "POST /api/menu/updateSystemApp",
        "GET /api/menu/getSystemApp",
        "GET /common/index/getCity",
        "GET /common/index/getArea",
        "GET /common/index/getEnums",
        "POST /api/authApply/callback",
        "GET /common/index/getDistrict",
        "GET /api/portal/standard_post/list",
        "GET /common/index/searchDepartment",
        "GET /common/index/dologout",
        "POST /api/portal/standard_post/create",
        "GET /common/index/searchUserGroup",
        "GET /api/homepage/getComponent",
        "GET /api/portal/vbline/list",
        "POST /api/portal/vbline/update",
        "POST /api/portal/vbline/create",
        "GET /api/portal/vbline/detail",
        "GET /api/ecop/authority/getReferEmployees",
        "POST /api/ecop/authority/batchApplyAuth",
        "GET /api/ecop/authority/getRolesByUser",
        "POST /api/ecop/authority/applyAuth",
        "GET /api/ecop/authority/getSelfRoles",
        "GET /api/ecop/authority/getRolesOfPage",
        "GET /api/ecop/authority/searchRoles",
        "GET /api/portal/standard_post/user_group/list",
        "POST /api/portal/standard_post/update",
        "POST /api/portal/vbline/configProductAsset",
        "GET /api/portal/vbline/employeeList",
        "GET /api/portal/vbline/actionLogList",
        "POST /api/portal/vbline/removeEmployee",
        "POST /api/portal/vbline/batchRemoveEmployee",
        "POST /api/portal/test_shop/change_apply_time",
        "POST /api/portal/oa_call_back/test_shop_apply",
        "GET /api/portal/test_shop/search_shop_info_by_name_id",
        "POST /api/portal/test_shop/get_can_use_test_shop",
        "POST /api/portal/test_shop/revocation_authorization",
        "POST /api/portal/test_shop/search_test_shop_info",
        "POST /api/portal/test_shop/get_test_shop_info_id",
        "POST /api/portal/test_shop/save_info",
        "POST /api/portal/test_shop/check_user_right",
        "POST /api/portal/test_shop/batch_apply_test_shop_info_use",
        "POST /api/portal/test_shop/user_apply_test_shop",
        "POST /api/portal/test_shop/get_my_test_shop",
        "GET /api/ecop/authority/getUserRoles",
        "GET /api/ecop/authority/getRolesOfPage/v2",
        "POST /api/ecop/authority/cancelApplyAuth",
        "POST /api/portal/oa_call_back/test_shop_user_apply",
        "POST /api/portal/test_shop/recall_test_shop_oa",
        "POST /api/goals_manage/goal_modify",
        "GET /api/goals_manage/search_activity",
        "POST /api/goals_manage/goals_row_clear",
        "GET /api/goals_manage/business_template_download",
        "GET /api/goals_manage/date_goals_list",
        "POST /api/goals_manage/activity_period_modify",
        "POST /api/goals_manage/goals_import",
        "GET /api/portal/standard_post/user_auth_change/list",
        "GET /api/ecop/feishu/check_login",
        "POST /api/ecop/feishu/submit_code",
        "GET /api/goals_manage/play_type_list",
        "GET /api/goals_manage/app_list",
        "GET /api/goals_manage/indicator_type_list",
        "POST /api/authority/change",
        "GET /api/goals_manage/get_activity",
        "GET /api/menu/getProfileMenu",
        "GET /api/menu/getMenu",
        "GET /api/menu/searchMenu",
        "GET /api/menu/getToolkitMenu",
        "POST /api/menu/createFavorite",
        "POST /api/menu/updateFavorite",
        "GET /api/menu/getFavorite",
        "DELETE /api/menu/deleteFavorite",
        "POST /api/portal/vbline/delete",
        "GET /api/portal/vbline/scenes",
        "POST /api/ecop/authority/batchApplyDimension",
        "GET /api/ecop/authority/searchDimensions",
        "GET /api/ecop/authority/getDimensionsByUser",
        "GET /api/ecop/authority/getUserDimensions",
        "GET /api/ecop/authority/getRolesInfo",
        "GET /api/ecop/authority/GetDimensionsInfo",
        "POST /api/ecop/touchc/report",
        "GET /api/ecop/touchc/query",
        "GET /api/ecop/config/queryPageConfig",
        "POST /api/ecop/audit/editRoleInfo",
        "GET /api/ecop/audit/queryAuditRolesList",
        "POST /api/ecop/audit/confirmAuditInfo",
        "GET /api/ecop/audit/queryAuditFunctionTree",
        "GET /api/ecop/audit/exportAuditUsersList",
        "GET /api/ecop/audit/queryAuditUsersList",
        "POST /api/ecop/audit/batchRemoveUsers",
        "GET /api/ecop/audit/queryAuditPeriod",
        "POST /api/workbench/closeGuideCard",
        "GET /api/workbench/getOpAssetsInfo",
        "GET /api/workbench/getAuthIndustryList",
        "GET /api/workbench/getTradeRanking",
        "GET /api/workbench/getLiveMonitorDataByShopId",
        "GET /api/workbench/getGuideCard",
        "GET /api/workbench/getEcopResourceList",
        "GET /api/workbench/getRealTimeGmv",
        "GET /api/workbench/getLiveMonitorShopList",
        "GET /api/workbench/getShopMonitorData",
        "GET /api/workbench/getGroupList",
        "GET /api/workbench/getBpmsTodoList",
        "GET /api/workbench/getIndustryGmvProgressRanking",
        "GET /api/workbench/getWorkbenchList",
        "GET /api/workbench/getCategoryList",
        "GET /api/workbench/getIndustryGmvProgress",
        "GET /api/workbench/getShopMonitorGraph",
        "POST /api/workbench/getIndicatorGraph",
        "POST /api/workbench/getIndicatorDataList",
        "GET /api/ecop/audit/queryRoleInfo",
        "POST /api/ecop/msgbox/mark_message_read",
        "POST /api/ecop/msgbox/send_message",
        "GET /api/ecop/msgbox/get_message_list",
        "GET /api/ecop/msgbox/get_unread_counts",
        "GET /api/menu/updateCount",
        "POST /api/ecop/fake_login/switch_account",
        "GET /api/ecop/fake_login/account_list",
        "POST /api/ecop/fake_login/apply",
        "POST /api/ecop/fake_login/apply/callback",
        "GET /api/ecop/authority/getCanRenewPerms",
        "POST /api/ecop/authority/batchRenewPerms",
        "GET /index/mini_login",
        "POST /api/feishu/callback/event",
        "POST /api/feishu/callback/card",
        "POST /api/workbench/getGlobalFilterList",
        "GET /common/index/batchGetEaUsers",
        "GET /api/workbench/getShopViolateInfo",
        "GET /api/workbench/getEpmInfo",
        "GET /api/workbench/getShopProductInfo",
        "GET /api/workbench/getShopDecorationInfo",
        "GET /api/ecop/authority/v2/searchDimensions",
        "POST /api/ecop/authority/v2/searchRoles",
        "GET /api/ecop/authority/getRolesOfMenuPage",
        "POST /api/ecop/authority/queryDimensionByKeys",
        "GET /api/portal/vbline/employees",
        "GET /api/ecop/authority/v2/getCanRenewPerms",
        "POST /api/ecop/authority/v2/batchRenewPerms",
        "POST /api/ecop/authority/v2/batchApplyAuth",
        "POST /api/ecop/search/ecop_ai_search",
        "POST /api/ecop/search/ecop_ai_search_config"
      ]
    }
  }
}
