{
  "Primary": {
    "active": {
      "value": "#1556d9",
      "type": "color"
    },
    "brand": {
      "value": "#1966ff",
      "type": "color"
    },
    "hover": {
      "value": "#4784ff",
      "type": "color"
    },
    "disable": {
      "value": "#8cb8ff",
      "type": "color"
    },
    "bright": {
      "value": "#ebf3ff",
      "type": "color"
    },
    "highlight": {
      "value": "#f0f6ff",
      "type": "color"
    }
  },
  "Text-icon": {
    "text-icon-0": {
      "value": "#252931",
      "type": "color"
    },
    "text-icon-1": {
      "value": "#565960",
      "type": "color"
    },
    "text-icon-2": {
      "value": "#898b8f",
      "type": "color"
    },
    "text-icon-3": {
      "value": "#bcbdc0",
      "type": "color"
    },
    "text-icon-4": {
      "value": "#dcdee1",
      "type": "color"
    },
    "text-icon-5": {
      "value": "#ffffff",
      "type": "color"
    }
  },
  "Background": {
    "module": {
      "value": "#f8f9fa",
      "type": "color"
    },
    "page": {
      "value": "#f3f4f5",
      "type": "color"
    },
    "frame": {
      "value": "#ffffff",
      "type": "color"
    }
  },
  "Line": {
    "line-0": {
      "value": "#dcdee1",
      "type": "color"
    },
    "line-1": {
      "value": "#eeeff0",
      "type": "color"
    }
  },
  "Fill": {
    "deepen-0": {
      "value": "#000000d9",
      "type": "color"
    },
    "deepen-1": {
      "value": "#000000a6",
      "type": "color"
    },
    "deepen-1_2": {
      "value": "#00000073",
      "type": "color"
    },
    "deepen-2": {
      "value": "#00000040",
      "type": "color"
    },
    "deepen-3": {
      "value": "#00000014",
      "type": "color"
    },
    "deepen-4": {
      "value": "#0000000a",
      "type": "color"
    },
    "fade-0": {
      "value": "#ffffffd9",
      "type": "color"
    }
  },
  "Function": {
    "link": {
      "active": {
        "value": "#1556d9",
        "type": "color"
      },
      "main": {
        "value": "#1966ff",
        "type": "color"
      },
      "hover": {
        "value": "#4784ff",
        "type": "color"
      },
      "disable": {
        "value": "#a3c2ff",
        "type": "color"
      },
      "bright": {
        "value": "#e5f0ff",
        "type": "color"
      },
      "highlight": {
        "value": "#f0f6ff",
        "type": "color"
      }
    },
    "success": {
      "active": {
        "value": "#00ba79",
        "type": "color"
      },
      "main": {
        "value": "#00c87f",
        "type": "color"
      },
      "hover": {
        "value": "#6bedb7",
        "type": "color"
      },
      "disable": {
        "value": "#96facf",
        "type": "color"
      },
      "bright": {
        "value": "#dbffef",
        "type": "color"
      },
      "highlight": {
        "value": "#e5fff3",
        "type": "color"
      }
    },
    "warning": {
      "active": {
        "value": "#f05400",
        "type": "color"
      },
      "main": {
        "value": "#ff5c00",
        "type": "color"
      },
      "hover": {
        "value": "#ffaf75",
        "type": "color"
      },
      "disable": {
        "value": "#ffc79c",
        "type": "color"
      },
      "bright": {
        "value": "#ffecdb",
        "type": "color"
      },
      "highlight": {
        "value": "#fff3e8",
        "type": "color"
      }
    },
    "error": {
      "active": {
        "value": "#f21331",
        "type": "color"
      },
      "main": {
        "value": "#ff3b52",
        "type": "color"
      },
      "hover": {
        "value": "#ff8791",
        "type": "color"
      },
      "disable": {
        "value": "#ffadb3",
        "type": "color"
      },
      "bright": {
        "value": "#ffe5e6",
        "type": "color"
      },
      "highlight": {
        "value": "#fff5f5",
        "type": "color"
      }
    }
  },
  "Extended": {
    "extended-1": {
      "value": "#04cbe7",
      "type": "color"
    },
    "extended-2": {
      "value": "#3daffe",
      "type": "color"
    },
    "extended-3": {
      "value": "#5859fe",
      "type": "color"
    },
    "extended-4": {
      "value": "#6c26fd",
      "type": "color"
    },
    "extended-5": {
      "value": "#9d2ff4",
      "type": "color"
    },
    "extended-6": {
      "value": "#d48458",
      "type": "color"
    },
    "extended-7": {
      "value": "#f1af02",
      "type": "color"
    },
    "extended-8": {
      "value": "#212533",
      "type": "color"
    },
    "extended-9": {
      "value": "#69718c",
      "type": "color"
    }
  }
}
