{
  "$schema": "https://sf-unpkg-src.bytedance.net/@ies/eden-monorepo@3.5.0/lib/monorepo.schema.json",
  "config": {
    "strictNodeModules": true,
    "infraDir": "",
    "pnpmVersion": "9.1.1",
    "edenMonoVersion": "3.5.0",
    "packagePublish": {
      "tool": "changesets",
      "notification": {
        "latest": {
          "toTriggerUser": true
        },
        "preview": {
          "toTriggerUser": true
        },
        "prerelease": {
          "toTriggerUser": true
        }
      }
    },
    "workspaceCheck": {
      "dependencyVersionCheck": {
        "autofix": false,
        "forceCheck": false,
        "options": {
          "autofixMode": "preferedVersions",
          "preferedVersions": {
            "@ecom/auxo": "3.9.8",
            "@ecom/auxo-pro-form": "4.16.4",
            "@types/react": "^17",
            "@types/react-dom": "^17",
            "react": "17.0.2",
            "react-dom": "17.0.2",
            "typescript": "5.0.4"
          }
        },
        "excludes": ["@edenx/module-tools"]
      }
    },
    "scriptName": {
      "test": ["test"],
      "build": ["build"],
      "start": ["build:watch", "dev", "start", "serve"]
    }
  },
  "packages": [
    {
      "name": "@ecom/product-insights",
      "path": "apps/frontend",
      "shouldPublish": false
    },
    {
      "name": "@ecom/product-insights-config",
      "path": "packages/config",
      "shouldPublish": false
    },
    {
      "name": "@ecom/product-insights-components",
      "path": "packages/components",
      "shouldPublish": true
    },
    {
      "path": "packages/insight-charts"
    },
    {
      "name": "@product-insight-lander-material",
      "path": "./lander-material/QuadrantChartCard"
    },
    {
      "name": "TreeMap",
      "path": "./lander-material/TreeMap"
    },
    {
      "name": "ProductValueClassifyTree",
      "path": "./lander-material/ProductValueClassifyTree"
    },
    {
      "name": "NumberDisplay",
      "path": "./lander-material/NumberDisplay"
    },
    {
      "name": "AIConclusion",
      "path": "./lander-material/AIConclusion"
    },
    {
      "name": "FlightSelector",
      "path": "./lander-material/FlightSelector",
      "category": "libs"
    },
    {
      "path": "apps/vmok-test",
      "shouldPublish": true
    }
  ]
}
