{
  "active": "#1556d9",
  "brand": "#1966ff",
  "hover": "#4784ff",
  "disable": "#8cb8ff",
  "bright": "#ebf3ff",
  "highlight": "#f0f6ff",
  "text": {
    "2": "#646475",
    "icon": {
      "0": "#252931",
      "1": "#565960",
      "2": "#898b8f",
      "3": "#bcbdc0",
      "4": "#dcdee1",
      "5": "#ffffff"
    }
  },
  "module": "#f8f9fa",
  "page": "#f3f4f5",
  "frame": "#ffffff",
  "line-0": "#dcdee1",
  "line-1": "#eeeff0",
  "deepen-0": "#000000d9",
  "deepen-1": "#000000a6",
  "deepen-1_2": "#00000073",
  "deepen-2": "#00000040",
  "deepen-3": "#00000014",
  "deepen-4": "#0000000a",
  "fade-0": "#ffffffd9",
  "link": {
    "active": "#1556d9",
    "main": "#1966ff",
    "hover": "#4784ff",
    "disable": "#a3c2ff",
    "bright": "#e5f0ff",
    "highlight": "#f0f6ff"
  },
  "success": {
    "active": "#00ba79",
    "main": "#00c87f",
    "hover": "#6bedb7",
    "disable": "#96facf",
    "bright": "#dbffef",
    "highlight": "#e5fff3"
  },
  "warning": {
    "active": "#f05400",
    "main": "#ff5c00",
    "hover": "#ffaf75",
    "disable": "#ffc79c",
    "bright": "#ffecdb",
    "highlight": "#fff3e8"
  },
  "error": {
    "active": "#f21331",
    "main": "#ff3b52",
    "hover": "#ff8791",
    "disable": "#ffadb3",
    "bright": "#ffe5e6",
    "highlight": "#fff5f5"
  },
  "Primary": {
    "active": "#1556D9",
    "main": "#1966ff",
    "hover": "#4784ff",
    "disable": "#8cb8ff",
    "bright": "#ebf3ff",
    "highlight": "#f0f6ff"
  },
  "extended-1": "#04cbe7",
  "extended-2": "#3daffe",
  "extended-3": "#5859fe",
  "extended-4": "#6c26fd",
  "extended-5": "#9d2ff4",
  "extended-6": "#d48458",
  "extended-7": "#f1af02",
  "extended-8": "#212533",
  "extended-9": "#69718c"
}
